"MAX(ID)","DATA_PRODUKCJI"
8808,04/03/04
4636,08/12/25
8714,08/01/11
8969,05/07/17
7306,00/07/24
7838,03/06/20
6513,08/09/15
9371,10/04/20
86,04/06/06
5521,08/07/03
7080,09/02/10
8404,05/10/27
780,01/04/16
9087,07/12/09
3738,05/07/20
9650,01/05/09
8549,01/07/07
9102,10/08/25
7031,02/06/09
9788,02/08/28
6330,05/10/20
8990,06/06/28
172,03/08/07
3461,09/04/07
6008,01/10/17
9859,02/01/01
7434,05/04/23
8172,06/08/21
6464,07/03/06
9674,03/11/17
7071,05/06/14
1953,07/02/06
9879,04/01/25
5587,02/04/23
3212,02/09/17
8318,04/12/04
9132,08/11/15
8564,02/01/20
9027,08/11/27
9695,00/11/04
8192,10/03/18
1073,05/06/05
6275,08/11/18
391,10/02/26
8344,01/03/04
8061,04/11/15
8462,05/09/16
7598,03/01/16
9981,06/08/06
9083,04/05/21
9343,09/11/12
1843,02/04/21
5898,08/02/11
5846,01/03/28
6920,10/02/08
7341,04/01/07
5803,07/03/03
8973,01/11/21
9149,06/11/13
5141,10/08/26
6866,03/09/16
7534,08/10/18
8941,01/08/02
9654,01/09/06
3230,08/01/20
9328,04/04/13
7216,08/04/23
6092,06/07/10
4354,02/06/18
4755,04/04/05
9493,02/05/24
6297,07/10/19
8792,10/07/22
5949,10/11/22
777,05/08/27
8047,05/02/02
3052,07/09/27
9313,09/05/14
6766,00/06/05
9567,04/07/16
4850,00/06/15
1155,07/03/22
940,09/07/06
5835,01/07/08
5301,04/07/06
9461,05/01/06
7153,08/06/10
3171,01/05/19
7356,02/01/07
2327,00/11/22
3179,10/03/28
4160,05/06/07
2232,06/09/18
3334,10/08/06
9307,09/12/11
9916,07/07/11
9350,03/12/17
9723,01/12/26
6909,01/04/17
4544,02/02/11
7655,03/03/19
1162,05/11/03
1176,00/06/07
8724,06/03/28
8834,08/12/01
8931,09/06/27
5646,06/06/04
7522,03/01/17
5759,02/02/07
9612,04/06/23
9745,01/07/17
8169,04/04/02
6908,09/11/07
7722,08/08/12
3680,03/04/11
8455,05/03/09
8007,00/06/04
7404,06/06/02
7781,03/01/19
1355,03/01/05
7749,00/04/22
7913,07/10/08
3434,08/03/08
7732,06/03/21
1431,03/05/25
9291,04/02/16
2945,10/07/24
9933,00/08/17
6059,10/06/26
8900,04/10/27
6871,10/02/01
9159,07/04/04
1610,09/10/26
1627,04/09/02
9882,10/03/14
9528,10/11/16
9011,03/08/05
9480,02/06/14
7465,02/01/05
8082,03/01/27
8749,05/03/13
8250,00/07/10
7283,09/03/24
7975,08/05/21
9216,00/02/22
7894,04/09/12
8320,02/11/24
1856,07/06/01
8356,10/01/11
6810,02/04/05
9250,06/08/25
7320,04/03/06
9104,01/09/15
9591,10/09/16
2010,08/08/18
6186,05/06/06
9437,06/12/06
8111,04/01/06
7917,01/02/22
5176,06/11/28
4543,08/07/14
8580,02/12/19
3575,02/02/06
9023,06/03/11
2235,05/08/10
5217,04/04/17
5501,02/12/11
6659,03/03/21
9945,09/09/12
9053,03/10/16
3641,02/10/05
7646,04/06/20
8498,00/01/27
9293,01/04/13
3499,08/10/05
9305,08/11/25
6163,08/11/10
4499,03/09/04
5128,01/08/08
6873,06/05/08
4225,01/11/14
9099,06/11/14
2357,02/07/06
8506,04/07/11
8541,08/04/21
5092,01/11/03
3857,04/09/28
8926,06/09/05
9119,01/12/03
9874,01/06/13
9872,09/12/15
9197,02/12/25
7134,07/02/05
2490,00/01/03
8761,08/06/01
9541,10/07/15
9570,08/12/18
7237,06/12/04
6303,08/09/02
7610,10/05/10
9906,09/03/21
9990,02/04/28
2557,04/08/17
6709,01/09/13
9384,06/02/20
9072,07/11/25
2630,05/02/08
8690,07/01/16
7760,01/01/16
9444,01/12/08
9943,02/05/01
9655,05/05/21
7949,03/07/21
8594,02/08/20
7518,09/04/16
9289,03/12/16
9366,10/11/14
9458,08/03/22
3017,04/02/11
7559,00/02/12
8296,07/10/12
4407,05/06/22
5654,07/05/13
8028,08/01/23
9903,05/03/03
8253,04/11/09
8681,02/10/23
8593,09/04/18
7889,03/02/07
7319,10/04/28
6786,08/05/02
8106,10/04/19
9296,05/12/21
7089,00/10/09
8921,02/03/17
8267,06/02/17
8533,00/03/27
6422,06/12/02
9808,03/10/17
6863,10/03/11
8544,01/09/07
8394,08/02/03
8781,07/09/20
9516,06/09/24
7633,01/06/01
6034,04/08/18
8330,09/08/04
8383,02/04/07
6961,01/03/17
3591,08/08/16
3609,01/02/11
5894,07/04/15
9605,07/01/06
3643,02/07/17
3676,01/02/23
9843,08/08/17
8122,04/05/15
8411,07/07/08
3877,04/10/17
7428,05/02/14
3899,09/04/24
8934,09/04/04
9229,10/02/06
6525,00/04/25
8128,08/06/27
6748,07/05/19
8316,06/05/10
7995,07/07/20
4040,07/04/12
7855,04/05/02
6040,06/12/10
7577,04/10/16
7424,04/07/01
8040,06/07/04
4170,09/11/17
6740,06/12/21
9967,00/03/19
7806,09/06/11
8346,10/12/15
6989,09/06/06
9594,07/07/07
8335,06/09/10
9136,06/10/07
4352,09/08/27
4360,01/06/28
7374,03/03/12
8614,00/04/09
6551,08/01/22
6746,05/05/08
9383,02/10/15
8239,09/12/08
5562,08/07/13
9992,10/08/18
4498,03/09/02
9392,04/07/19
9045,08/10/23
4614,02/10/09
8314,09/08/23
9566,08/09/21
5620,00/10/05
7560,06/11/23
4871,07/10/15
4910,08/03/21
9979,08/12/12
5926,04/07/27
6355,10/05/19
5593,05/12/09
5009,07/08/10
9510,05/05/26
6875,00/02/16
9511,02/07/25
6456,03/02/22
6648,01/11/28
7097,07/08/06
7488,04/03/11
5251,06/06/09
6384,09/02/21
9840,08/06/09
7564,06/09/19
7946,03/09/06
5462,01/07/18
6432,10/02/13
5601,05/09/09
7647,01/06/08
8766,00/02/14
8023,08/02/02
5723,09/06/04
6631,00/03/21
5899,06/03/26
9332,02/10/24
9050,03/12/12
6053,06/09/25
6108,04/07/14
9746,00/11/17
6125,03/11/22
6138,07/11/13
6172,01/01/28
9404,04/09/07
6198,07/09/21
9302,00/01/24
7832,08/06/24
8166,06/11/12
7849,05/03/27
7385,10/11/25
8868,01/10/27
6983,00/03/25
6726,07/08/23
8831,01/02/20
7010,02/04/18
7020,10/07/12
8515,04/07/17
7230,08/08/04
7244,03/10/08
9722,02/12/09
7287,09/09/21
7400,02/04/02
7916,09/01/08
9459,10/07/27
7656,01/10/23
8289,03/07/26
9759,03/12/26
7830,03/09/09
8601,10/07/19
9573,01/09/14
9932,02/09/14
8120,10/08/15
8306,06/06/10
8485,03/05/04
8486,02/03/15
8731,03/12/02
9066,08/09/08
9121,02/12/07
9134,04/03/25
9633,02/11/20
9455,07/10/04
9494,06/07/08
9502,02/02/01
9582,02/06/13
9611,01/04/20
9673,08/08/19
9721,07/02/03
9739,09/10/07
9927,07/03/26
9948,07/01/02
9951,07/01/15
8888,03/07/18
8212,09/01/24
1019,01/09/27
8424,10/03/12
9274,06/01/07
8233,01/10/08
6878,05/03/02
9138,06/09/15
5278,04/10/22
5354,01/11/10
9429,01/06/03
9210,05/04/15
8864,06/10/26
6974,09/07/15
7903,02/01/08
923,04/07/18
7420,09/06/13
3597,05/07/08
8307,09/01/12
7932,05/05/10
2115,09/07/22
8247,09/07/14
7516,02/12/08
8605,09/09/11
1705,04/06/16
6376,08/12/03
5287,07/08/28
9844,04/04/23
7822,08/01/17
8435,09/05/27
1821,03/10/26
9679,09/08/16
6885,09/10/25
8686,01/08/17
7394,04/06/17
8615,10/03/16
5052,09/03/01
9355,07/07/27
7816,01/12/23
8776,02/05/23
9448,03/03/17
5876,00/12/23
6139,09/04/03
9682,07/04/07
7638,06/09/28
8103,08/06/13
441,06/08/26
8317,02/05/15
6913,08/10/19
9635,05/05/02
6203,09/11/28
9584,07/09/17
7208,09/12/04
2246,05/01/19
8215,08/08/15
9280,00/10/10
2259,07/05/26
5096,10/05/06
9144,09/11/22
7866,03/11/08
5948,00/06/18
7814,03/07/17
9890,00/07/23
7156,09/03/15
8607,05/02/03
8139,05/12/15
4328,08/06/15
2346,00/02/17
9915,01/01/23
7599,05/06/17
9973,00/12/07
7976,10/08/14
7028,01/02/02
3868,02/12/20
8971,09/07/02
4824,06/05/14
7141,09/09/17
8386,05/11/26
2602,04/05/01
8397,01/05/16
9532,08/05/10
8975,02/04/11
5003,00/12/22
7626,04/02/07
5714,00/10/12
8379,06/05/28
1130,02/07/20
7078,09/12/23
9639,03/05/11
3330,08/06/26
6638,07/05/10
6367,05/09/10
8706,05/12/17
7854,01/01/07
9756,07/08/20
9140,07/04/08
941,04/03/02
4092,03/02/23
8576,09/01/28
956,00/12/08
8583,03/12/25
8298,09/05/17
8229,05/12/04
9495,02/01/15
6438,02/07/05
5972,05/12/07
7850,05/05/07
5969,05/08/06
6936,05/03/23
6007,10/03/02
7774,07/12/28
3505,07/10/06
9892,01/11/12
8913,06/10/15
2022,10/11/18
9757,06/10/22
7100,08/01/08
6905,00/06/22
3816,05/11/27
4977,04/09/17
1731,07/02/20
8696,05/05/24
9939,03/02/11
7093,00/05/09
5181,03/01/25
8928,04/11/13
7012,01/05/22
9589,00/11/19
8441,01/06/15
9955,02/10/18
6852,06/08/04
8952,09/04/20
8882,07/05/16
3403,05/02/26
8118,03/03/16
4599,03/10/15
9760,05/11/13
9471,07/10/24
1321,07/08/04
1343,06/11/10
4248,01/04/08
8398,08/01/06
8978,09/08/25
9959,02/06/17
1405,02/02/08
9491,10/11/20
5345,07/01/10
6129,05/06/08
9725,09/10/04
6679,01/06/16
1460,07/04/26
7114,02/01/04
8252,03/04/18
3771,10/04/06
8436,01/05/13
3933,05/10/13
3444,08/01/12
1509,05/04/13
7501,06/05/24
2825,04/05/04
8437,07/04/20
3114,01/04/12
9724,10/10/21
3572,09/07/17
6715,08/03/16
4765,06/02/28
8623,01/02/08
1648,04/07/02
4524,06/10/23
3186,10/12/17
4192,00/02/06
9408,10/10/18
7163,10/12/01
7602,06/08/28
8157,01/12/17
5638,04/02/24
7964,09/05/28
6628,02/08/25
5254,04/11/06
9454,06/08/13
8788,03/11/03
9062,09/09/01
7685,04/12/23
7720,06/03/14
6155,03/06/14
2974,05/04/02
8638,01/07/19
4800,07/10/02
6897,03/03/22
5799,03/10/07
9270,06/09/09
9554,08/09/18
6689,00/11/24
4934,09/06/28
1939,02/06/19
8542,08/08/10
1983,03/10/06
7986,06/01/03
8022,01/02/15
8287,08/10/16
7056,09/07/26
6058,07/10/25
9895,05/11/14
4283,08/05/22
8960,01/03/22
8065,09/10/09
5933,05/08/25
9742,02/01/26
2158,09/11/08
9048,06/05/23
8596,07/06/05
9213,06/12/15
9496,05/12/20
6392,09/12/14
9960,07/05/01
9678,00/04/20
2287,06/09/08
7933,09/03/05
8012,06/04/28
9130,08/03/26
3168,09/09/05
2336,09/06/10
2337,08/10/09
7969,07/08/27
7276,09/11/27
9161,00/05/10
7478,01/12/10
9891,00/02/20
5596,04/04/26
9086,04/06/04
2460,00/06/14
9729,00/12/10
2514,03/08/27
8985,02/03/21
2553,07/11/02
9105,02/07/08
4206,04/01/11
2633,09/03/18
8815,03/04/06
8184,00/04/05
7909,03/10/27
9146,03/04/04
6964,10/01/02
8582,02/08/19
6591,05/12/11
7733,07/09/07
8842,03/03/25
7125,00/09/08
9129,10/04/21
3126,08/02/10
7412,02/11/06
7528,10/11/28
7999,05/08/23
8911,03/12/20
7361,07/09/03
7215,05/06/03
3830,04/02/22
9015,07/03/08
9436,09/11/02
3898,04/12/21
9601,09/03/26
3001,08/04/18
8433,00/09/18
7359,05/05/04
3023,04/12/20
9989,00/05/25
6790,04/02/04
3465,06/02/26
4617,09/08/28
8759,05/04/05
3504,07/09/14
9810,04/11/03
9937,01/10/01
7363,00/03/05
7900,09/03/06
9391,08/06/04
4084,07/02/21
4258,02/03/03
4773,02/03/09
3224,07/08/19
6440,04/12/01
8000,08/02/25
9698,10/11/26
8480,05/12/08
5784,06/01/05
6519,04/11/10
8446,07/11/16
3373,01/07/20
9953,07/01/11
6458,06/10/17
8945,02/07/15
6446,07/10/18
6879,02/05/13
6327,05/07/01
9631,04/09/22
9051,09/04/01
7605,09/08/19
4370,02/02/14
9877,03/06/27
5657,05/08/21
9944,07/07/21
7376,07/03/19
5207,10/07/20
8556,08/03/12
3806,07/10/03
3878,07/01/05
3884,00/07/11
7150,02/07/26
5839,08/11/06
9301,06/07/02
6784,06/12/05
3965,05/12/18
7236,02/05/18
4013,08/07/02
4032,01/11/15
8760,07/02/18
9204,00/09/27
9260,10/10/10
4132,02/06/23
4166,03/10/28
9703,04/03/21
9677,09/02/19
8255,09/08/12
5767,03/11/10
9592,02/02/23
4320,06/06/14
4338,09/01/06
8481,01/04/03
4409,09/06/09
8979,10/10/08
4445,06/10/02
8698,01/10/02
4456,08/04/25
7492,01/01/05
9571,06/01/04
9199,06/07/13
7863,00/04/21
9287,05/09/06
7547,10/05/12
7594,05/10/14
6770,04/12/03
7149,03/04/24
9443,03/01/11
4656,08/04/20
9252,04/08/27
8795,05/01/21
7297,00/07/16
8136,06/06/03
8520,09/10/23
8460,00/06/02
6077,01/11/18
4959,05/12/12
9091,01/03/05
6924,04/01/27
7238,03/01/28
5015,07/10/21
5891,04/10/03
8241,07/02/26
7642,07/05/05
7606,01/04/24
5161,01/04/22
6296,06/07/24
6165,04/12/24
5201,07/01/22
8482,07/09/18
5261,09/07/21
7176,05/03/04
5330,03/09/28
5747,02/12/23
5371,09/03/22
5470,10/02/20
5481,00/05/22
5511,01/08/24
9446,00/09/09
5594,09/07/05
9791,09/06/21
7006,03/11/01
9254,10/05/11
9117,03/02/02
5828,05/12/26
8353,01/01/18
8010,10/05/28
7876,02/06/05
5996,05/02/27
8351,07/08/01
6112,07/09/22
7747,07/10/27
6362,07/09/11
9110,06/07/12
9412,10/04/01
6230,02/06/15
6246,08/07/16
6299,02/07/07
6322,02/07/09
6353,06/12/22
6473,02/08/09
8719,10/06/18
6544,02/12/17
8958,05/10/17
8281,06/11/17
6914,10/02/18
6725,07/12/07
9781,09/10/05
7622,09/09/06
9564,03/02/09
7043,05/01/01
7047,03/08/04
8661,03/04/05
9694,01/07/28
8127,10/05/14
9965,09/12/20
9194,06/02/15
7615,03/12/04
8203,08/07/08
7865,01/03/06
7669,05/03/01
8130,01/11/13
7745,08/09/03
8602,05/07/12
7853,07/12/17
8733,07/12/04
7896,07/01/13
8689,08/12/16
9201,06/09/27
9941,08/01/04
9063,01/01/01
8501,08/04/09
9019,07/05/24
8304,10/06/24
8305,05/06/21
8428,04/01/19
8566,00/06/23
9556,00/12/21
8586,05/03/20
9986,09/03/08
8654,09/07/09
8925,03/08/14
9816,04/04/19
9621,07/04/05
9212,00/08/25
9709,06/07/22
9460,06/04/25
9525,10/08/11
9597,03/02/13
9871,09/06/16
9814,10/01/18
9830,10/09/21
9865,02/07/16
9885,09/06/17
9977,07/05/12
9984,09/04/17
7144,03/03/05
6899,03/11/12
5004,07/07/15
9665,09/05/24
9337,06/11/09
8873,08/02/12
7234,03/08/28
1033,09/02/27
9268,03/06/25
8780,08/01/02
6724,07/06/02
5313,01/04/27
9542,10/08/27
8027,09/12/03
9235,04/03/03
124,06/07/09
9049,05/11/25
7836,01/01/21
9963,00/05/16
6981,03/09/05
6982,03/06/01
6849,06/09/26
3459,10/03/15
7339,01/03/07
8954,04/09/11
9489,07/12/05
1831,05/06/16
4613,00/12/19
8861,10/07/16
2946,03/02/06
9686,02/05/20
6543,03/04/21
9363,09/07/23
7164,04/03/22
8805,06/12/28
6731,10/03/09
324,09/05/15
328,03/08/23
9671,08/09/19
7220,10/04/16
7315,04/11/24
1669,02/02/17
8331,03/05/06
4106,02/10/12
3283,07/02/12
3690,04/01/17
3336,07/06/27
8195,10/09/26
2509,03/01/24
7892,06/06/24
478,08/01/01
487,10/06/09
7403,06/05/25
8276,04/06/24
4997,06/06/22
8613,05/06/10
9202,00/09/05
8961,08/03/09
8553,10/12/16
558,04/12/26
3299,08/11/14
9531,09/06/26
9154,06/03/06
4569,03/07/28
6668,10/12/18
765,05/01/16
9284,10/10/16
2515,07/07/22
8070,02/08/18
9700,03/03/10
7926,04/04/27
4619,10/12/02
8009,05/02/13
7481,04/05/16
755,05/05/14
7898,03/03/11
9061,02/10/13
9918,07/08/12
797,09/03/28
9169,02/03/04
6774,00/07/26
8704,08/01/14
6764,01/05/05
9803,08/07/22
9406,06/12/14
3595,04/08/02
5175,01/09/28
3413,09/04/22
6429,04/03/20
9407,08/04/14
7601,07/05/20
3406,06/06/20
9279,08/01/27
9637,09/06/24
6479,08/06/19
6870,10/12/14
3485,08/05/26
4077,00/01/08
8293,02/10/11
4798,08/06/06
9524,02/09/15
9769,02/10/20
9801,04/11/05
9940,03/04/12
6799,03/06/13
4294,09/09/09
4986,03/10/04
9376,03/09/01
7193,08/04/26
8100,02/04/14
6343,01/02/28
1092,08/02/26
7852,00/09/16
5061,01/03/08
1133,02/09/04
7768,07/06/18
6209,01/03/10
8347,06/06/25
6025,07/01/17
6800,01/11/19
4555,07/07/28
1215,02/05/19
6298,04/09/14
9539,09/04/02
1239,06/01/19
4846,06/08/12
8857,09/06/22
7135,04/04/11
6254,02/11/19
9348,08/05/01
8791,00/05/18
7018,08/01/05
9139,00/01/05
3178,00/12/26
7450,06/05/15
9417,08/08/14
9451,04/04/01
4121,08/12/19
9790,01/02/17
1359,04/12/10
9017,04/05/19
9771,05/09/22
8186,07/06/17
7927,03/06/22
4972,05/12/16
5396,02/11/09
5409,00/10/03
8647,07/07/16
9826,01/06/19
7779,04/08/12
1470,06/02/09
5018,08/05/25
9577,09/03/23
9290,08/12/10
8417,02/10/03
9625,05/04/03
9288,05/07/15
9613,00/08/11
9394,09/03/16
1618,01/02/06
8209,04/05/22
1556,03/06/11
3062,04/05/23
2117,06/06/01
8523,09/02/12
5585,04/10/14
8715,06/03/03
2119,06/12/20
9580,09/05/13
6752,03/07/27
1739,04/09/23
4797,05/07/10
1766,10/06/15
1886,05/08/17
1792,06/07/07
9883,03/04/07
5745,10/11/19
9820,03/05/03
9726,07/11/01
3861,04/06/19
1852,01/12/21
9021,04/02/18
7332,04/11/23
4914,00/07/21
9572,07/02/13
6988,00/09/07
8940,10/06/11
9189,10/05/18
6247,04/08/23
2009,04/02/12
8626,05/09/27
8585,07/03/04
4625,06/09/01
7784,06/04/17
2053,08/05/20
5801,02/11/18
7462,10/01/08
6630,08/03/06
9200,05/04/21
8182,03/12/18
8836,06/12/01
9413,06/04/06
7973,00/07/07
9649,00/03/16
7988,07/06/20
2190,02/07/11
7805,05/04/08
4060,02/09/19
6821,10/12/25
7446,09/09/07
8963,04/10/12
3655,09/04/26
8604,02/03/07
2321,08/03/27
5145,02/05/12
7393,03/03/14
3915,00/11/03
9798,06/04/02
4712,00/11/08
8361,04/12/15
3749,02/02/13
4965,05/06/15
4573,05/02/01
7395,02/08/03
8823,05/08/09
3873,02/06/11
7544,04/04/03
8101,00/07/06
5634,05/10/10
9905,03/10/12
2540,08/09/13
6021,00/11/26
8204,05/05/16
8067,00/01/26
7790,09/06/25
2710,05/01/27
8684,05/02/21
8999,10/02/14
8349,06/12/19
6308,03/09/25
6183,04/04/06
7857,04/09/05
7613,04/02/15
5541,10/04/10
9972,04/02/28
5448,00/12/03
2923,00/01/02
8213,01/10/13
7113,00/10/01
8750,06/03/07
9499,09/06/07
9923,10/01/04
3005,09/01/19
3008,05/04/27
9151,00/02/11
3077,08/10/20
3084,03/02/21
5208,10/08/16
9904,06/12/27
8707,03/06/28
3222,01/01/27
3247,02/11/04
9378,00/11/05
7005,05/10/12
9628,03/04/01
8700,04/08/01
3493,05/12/02
6910,00/03/04
3625,10/07/28
4284,03/12/05
7554,08/02/27
8531,09/06/23
4194,08/07/10
7281,10/06/01
9702,08/09/16
7689,08/05/15
5955,01/09/21
8189,10/02/07
7736,07/06/19
3564,03/03/04
6817,00/11/11
9283,06/04/04
9692,08/02/20
3657,06/07/15
3661,06/08/01
3669,10/02/02
3672,04/03/16
9543,05/08/05
6962,10/04/15
9241,01/09/16
8463,09/12/13
9294,08/06/14
3813,03/10/05
9445,07/02/08
7893,10/02/22
5455,10/03/22
8683,10/06/27
8804,02/08/26
9357,08/11/17
7996,06/11/04
8730,00/01/18
3951,08/03/02
9669,02/10/08
3989,01/10/15
4025,06/12/07
9176,06/04/09
6545,01/12/20
7614,03/03/23
9563,06/09/04
4086,10/04/18
7447,02/08/16
9113,08/01/26
4169,08/07/09
6747,00/12/05
7098,09/08/03
5695,04/07/04
4299,03/12/19
4329,05/01/25
7791,07/04/02
4362,04/03/13
5133,07/06/12
9084,03/04/10
6028,02/11/26
5435,08/02/15
4536,04/08/04
9680,06/10/01
6926,05/03/15
8419,08/01/28
4590,05/09/17
5221,02/09/07
9227,10/05/08
9137,00/04/11
8391,09/01/18
9220,04/07/08
4709,09/02/28
4727,07/07/04
4743,00/05/13
7744,05/08/28
9271,02/02/15
6490,03/05/05
6541,06/11/25
5980,01/04/14
4876,10/03/19
9664,07/03/10
4894,07/04/14
4921,10/02/10
4922,08/12/17
8557,06/01/21
8619,00/07/22
5085,02/12/18
5134,09/09/18
7653,05/04/16
5187,02/07/03
6224,08/05/24
5252,01/05/02
5281,00/04/02
6056,03/02/24
8513,08/10/01
5376,07/06/15
8363,03/03/03
5512,01/01/02
6371,02/12/13
6684,07/10/17
5660,06/04/13
8571,02/04/04
6753,10/05/09
7313,05/11/07
9834,04/10/23
5831,07/02/10
9030,05/12/25
9946,05/03/21
8382,02/02/12
5931,03/12/09
5941,07/06/25
7443,02/10/19
6024,05/03/10
9160,07/08/09
6118,08/04/12
6120,04/06/09
8942,04/09/24
6179,10/04/13
6192,08/04/06
8185,09/02/13
7218,00/02/10
7515,09/12/09
8742,09/09/02
8736,08/06/20
6561,07/04/18
6572,03/09/17
6650,05/02/04
6714,00/02/05
6744,04/10/13
8354,00/09/14
8924,09/05/06
7117,10/04/11
7119,07/06/07
7148,03/03/20
7165,02/06/04
7298,04/08/09
8641,09/06/02
7408,03/07/04
7989,04/03/26
7426,09/07/18
9517,06/04/11
9486,03/05/27
8049,01/02/19
7683,08/05/05
8964,01/05/12
8041,04/10/19
8094,02/06/24
9836,00/12/27
8522,05/04/01
8592,07/06/22
8603,01/10/12
8657,05/11/20
8771,08/04/16
8785,10/03/05
8839,07/11/03
8892,00/03/18
8908,01/12/19
9863,01/05/28
8988,09/10/18
9118,09/08/26
9193,05/04/12
9374,01/12/13
9477,06/02/21
9514,05/06/13
9587,03/07/20
9876,03/04/02
9681,08/10/25
9911,03/04/28
9718,05/03/12
7378,04/11/25
7448,10/10/24
3994,01/09/22
9799,09/10/21
2100,04/02/20
8885,03/02/04
6418,09/01/01
7808,07/01/26
9256,09/11/26
8107,09/11/04
127,07/05/03
9919,02/09/05
9838,10/06/04
8499,06/09/21
5073,00/07/25
8678,10/06/14
9782,06/01/27
9717,04/10/05
3155,04/12/28
8336,04/11/14
9985,00/08/27
6050,06/09/23
4300,01/10/11
5589,04/04/14
8158,00/08/08
6828,07/10/13
7824,08/03/04
9490,03/05/12
242,00/07/13
9512,01/04/26
7331,08/07/05
7780,03/11/14
7128,06/01/02
8187,05/10/11
8728,05/03/24
7261,10/12/19
5917,10/01/06
6767,05/08/07
8851,08/06/08
9465,04/02/27
5250,00/05/15
9727,09/12/28
683,07/05/08
8154,10/05/23
5397,01/09/19
6201,02/02/28
9917,00/08/09
6894,05/11/24
9659,07/09/13
4843,01/04/05
7809,04/11/22
420,07/01/25
7620,10/06/06
8443,09/10/02
8565,05/04/22
450,01/11/16
453,06/02/05
9536,09/11/06
3579,05/11/01
5337,08/08/03
9067,01/09/09
483,00/05/08
2574,01/10/22
7398,03/11/15
1678,01/12/02
9219,06/03/18
511,08/12/13
9403,05/04/04
3703,06/02/18
2210,09/09/26
7596,07/02/09
8859,03/02/28
8011,00/09/02
5190,10/08/24
1780,08/09/10
3602,00/02/04
8266,02/09/28
3197,08/11/20
7402,10/05/17
8562,05/01/07
5237,10/08/09
7729,04/09/06
9651,06/10/04
3916,06/03/01
7469,01/11/04
8832,08/12/20
8693,05/09/05
2713,09/10/10
8156,08/03/20
795,06/12/26
2885,00/10/08
822,07/06/26
9162,09/11/15
2177,07/02/19
7124,03/08/12
867,03/07/25
4286,01/09/20
7351,00/06/01
6716,02/01/25
6000,10/10/22
6923,06/02/07
8503,04/01/28
6945,03/02/01
4072,00/06/11
7918,03/12/13
4415,01/08/19
3712,05/11/15
9069,05/03/26
7819,07/04/21
5417,08/04/28
7496,00/05/12
6276,10/08/21
2664,00/08/06
8786,01/08/13
9079,03/08/13
1088,03/03/13
4731,10/05/25
3682,03/09/13
9809,08/12/05
1120,06/08/07
6763,05/09/24
7739,05/02/18
1150,05/07/07
8134,08/11/07
8881,01/12/28
7086,02/04/08
9730,02/09/08
2350,09/07/25
7517,06/06/26
6265,10/07/04
5922,05/02/10
7476,10/11/07
7485,02/03/14
6993,07/10/10
8393,07/10/07
6168,10/07/05
8907,02/04/13
9715,00/08/24
9244,06/02/04
7058,10/03/25
8457,08/05/08
6956,02/06/22
8536,00/01/22
9842,08/04/15
4341,00/12/17
5496,07/09/01
9614,05/11/23
9776,01/12/27
9452,10/10/14
5640,10/11/08
3070,01/05/01
9622,07/07/09
9342,10/05/22
1603,08/07/15
6348,01/08/06
4968,02/03/08
7637,07/05/11
7965,00/10/06
9841,07/06/08
8448,08/10/02
8509,04/08/05
8496,02/05/27
8256,08/09/17
8112,10/03/10
3055,09/01/11
8389,05/07/11
7044,10/05/26
8372,10/01/26
5694,05/11/06
6477,07/08/05
5500,01/03/13
4432,10/07/10
1927,01/02/25
3532,03/04/03
7352,07/10/20
3841,08/10/14
3869,04/06/10
9329,10/11/24
8401,04/12/14
2655,08/07/17
8667,04/11/19
6091,00/09/23
2058,10/01/03
8595,06/10/09
4526,00/07/15
2090,04/03/18
4297,08/06/23
8487,03/06/19
8110,05/05/18
9464,01/03/21
7279,01/11/06
9000,02/02/10
8369,07/01/12
6667,08/02/22
9217,06/05/02
8997,01/11/05
2283,00/09/20
9402,04/02/05
9737,00/11/18
4110,01/08/16
4070,09/10/12
7415,07/04/25
3539,08/11/02
9081,00/03/20
5678,07/01/23
7627,00/02/21
5727,00/10/14
2439,03/07/12
8713,07/12/27
9749,05/11/18
7649,06/03/23
6389,05/04/09
5997,01/10/05
8668,10/08/20
9839,08/12/11
4674,03/06/03
9938,08/02/16
9908,10/09/06
2604,06/11/19
9689,03/10/20
7255,01/07/12
4779,06/11/16
9449,05/03/05
2654,01/11/22
8310,10/01/16
6486,10/07/25
3203,10/02/24
4966,10/06/17
9141,10/12/03
9001,08/04/19
7336,06/03/19
2745,03/10/18
9393,00/04/12
4954,00/12/02
8551,01/08/09
8450,10/09/04
5686,09/12/22
2819,04/10/08
7555,04/02/14
9764,08/06/07
9750,10/03/03
7391,06/07/16
8497,04/01/05
8747,10/09/20
3103,01/04/28
2978,02/06/21
9778,03/08/21
7108,06/04/01
4435,07/07/14
8745,07/01/21
3063,04/09/13
3153,05/10/02
9361,07/02/17
9924,00/02/09
6153,03/03/18
8013,10/06/23
8718,03/06/23
4728,02/02/21
8679,06/05/18
8898,08/02/19
3897,10/01/10
3295,00/12/24
9747,02/08/10
6889,02/09/06
9912,06/02/02
6375,05/01/13
9653,05/03/16
9958,01/09/03
7629,10/12/09
9907,05/06/09
4902,00/04/17
5202,00/05/26
3512,05/06/24
6564,02/05/10
7379,08/06/16
3541,01/09/18
5401,04/04/10
6965,07/02/04
5220,00/12/04
9478,09/08/06
6772,01/05/03
7841,07/08/25
9792,08/12/26
9074,08/10/13
9040,08/11/21
9462,02/07/02
8328,07/10/23
9825,09/08/15
4473,04/03/08
8036,07/06/04
8757,06/05/26
3843,08/07/20
3847,06/07/28
9278,10/06/19
7812,09/03/14
3917,10/10/28
8092,09/02/24
8789,01/12/11
9685,10/04/05
4061,00/01/01
8026,08/03/01
8982,10/04/03
8340,00/10/15
6534,02/08/27
9097,09/01/23
4234,10/11/11
9125,09/03/19
8155,04/03/09
4261,04/07/21
9028,01/07/26
8227,04/11/01
9888,01/03/25
6775,02/09/21
7291,09/12/02
6339,10/11/17
9976,03/05/17
4446,10/07/13
9183,02/10/21
4493,08/11/05
8658,05/08/20
4568,01/01/15
9324,05/02/19
7858,00/02/02
9607,06/10/24
9894,06/01/26
6896,03/07/22
6071,10/01/17
4714,06/05/20
4718,00/11/16
9602,08/06/11
6970,06/01/24
4741,03/02/20
9411,01/08/21
4873,01/06/17
7212,03/11/27
7650,00/12/06
4898,03/02/12
4938,08/01/15
9535,10/04/14
9057,06/01/25
9950,07/03/15
5094,05/01/08
7222,07/07/26
7815,06/05/17
7205,02/05/21
6947,10/08/23
9065,06/04/26
6972,07/05/09
9796,01/08/12
9608,06/01/12
6759,05/12/03
8744,10/04/08
9540,00/09/26
6702,04/04/04
7846,04/09/10
5339,03/01/03
8790,09/03/03
5423,00/06/16
5426,06/10/21
8124,10/09/25
5517,04/01/09
5453,00/07/05
5465,03/12/10
7821,09/08/08
9636,02/12/14
7168,07/09/12
6238,06/12/25
7835,09/05/04
9341,02/04/26
9240,07/11/04
8543,02/12/21
5875,02/07/19
6126,05/02/24
7025,08/02/08
5974,10/12/20
5990,01/09/01
6027,02/08/15
6039,08/05/11
6047,07/11/18
9889,01/02/05
8264,03/03/15
6174,04/03/05
9182,04/07/22
6295,01/07/22
6378,06/08/11
6469,04/03/24
6480,08/03/18
9714,02/01/27
9245,10/07/01
9616,00/07/19
9428,06/03/04
8447,07/09/24
9707,05/08/26
7092,05/10/18
7095,00/11/01
7245,08/07/28
7250,08/04/24
8297,02/01/09
9339,09/05/10
7342,06/04/20
8519,08/10/27
8395,01/12/07
8161,05/07/28
7757,07/03/27
7640,03/08/08
7665,06/05/09
8796,04/10/09
7678,02/04/15
7991,05/07/26
8163,08/01/25
8194,07/01/07
8262,09/03/20
8294,06/12/13
9192,01/02/01
9485,10/03/24
8659,04/10/11
9738,00/06/10
8735,08/05/13
8917,02/09/01
9236,10/08/05
9208,04/10/25
9214,00/11/07
9233,10/04/04
9593,00/06/09
9395,08/09/11
9483,00/01/10
9488,08/07/19
9544,07/04/11
9893,00/08/19
9931,02/05/25
2952,06/01/08
7663,00/03/24
5446,08/10/03
9560,04/07/03
999,07/08/08
8452,03/07/05
8159,04/07/09
4907,05/09/11
9663,09/11/18
7198,06/07/21
7793,06/01/16
9123,08/12/27
4123,09/09/15
570,09/02/22
1354,03/04/16
103,10/09/14
8629,02/04/16
8088,07/12/25
122,07/01/01
8854,02/03/22
8149,01/09/12
6851,03/03/24
8474,10/01/25
6499,04/12/18
2475,01/12/25
5530,09/10/03
193,09/10/14
9670,08/08/09
7762,01/01/11
9433,06/02/11
9303,06/07/17
7929,08/08/28
9831,03/04/19
6002,02/01/14
280,02/08/08
4042,00/02/07
5588,00/02/28
659,08/02/09
790,03/02/25
3763,00/01/09
6918,06/12/16
1323,10/03/07
6005,07/11/15
4022,05/08/03
4836,08/07/23
5681,02/04/25
9181,05/02/11
9581,08/10/22
7714,10/04/23
3866,03/04/23
8986,10/09/07
5915,09/05/22
8711,04/01/02
424,08/03/10
6756,03/10/23
8968,09/01/07
7487,00/02/26
8230,00/01/13
5421,00/08/20
7639,04/01/24
5581,01/11/09
9954,10/09/27
4208,02/08/14
5561,07/11/28
9398,04/01/03
4491,04/06/11
531,05/09/08
5554,07/02/24
3064,08/11/23
9190,09/09/22
9115,07/03/11
2685,03/03/28
6593,06/02/13
1689,01/08/20
9442,06/01/10
2610,06/05/11
9997,01/02/21
8037,09/01/03
2110,02/08/11
4877,10/11/02
7767,10/12/24
798,07/04/22
2512,09/11/05
621,04/08/16
5507,00/07/08
4667,03/06/18
1500,07/04/27
8799,06/06/19
9856,08/08/22
653,04/01/14
8887,01/01/22
2312,03/09/20
7285,02/04/10
7221,05/06/28
2423,01/10/18
7764,07/12/11
9191,07/06/03
745,06/08/17
3908,05/08/02
754,02/12/22
757,09/08/09
758,08/08/06
3432,02/03/20
770,06/11/07
7643,07/08/18
9431,08/08/07
3673,09/11/01
8610,08/12/07
7421,09/04/15
3755,05/07/03
8078,04/12/22
9733,03/07/11
3238,07/12/19
6512,09/11/03
5923,10/07/03
4202,01/04/19
6798,08/06/17
898,00/10/04
3488,07/11/08
6409,02/10/26
7121,08/11/19
957,10/12/21
6837,08/02/04
7461,07/11/12
980,06/08/14
8505,04/10/15
7417,02/12/01
7348,00/10/21
7899,01/09/24
8901,09/05/19
8534,00/05/24
9475,06/12/23
9712,05/02/09
7538,09/06/14
6793,01/10/19
6291,00/07/27
1119,02/06/01
1124,06/06/11
8198,05/09/15
9800,04/01/15
9711,05/12/27
9473,09/01/02
1193,08/03/25
1201,04/09/27
9222,07/08/24
8943,02/11/13
8646,07/02/16
7687,06/01/09
8691,10/09/19
8071,07/12/15
4433,08/03/07
7263,05/10/25
9075,10/06/21
1729,04/11/16
9719,01/10/09
6939,02/01/02
3101,01/01/09
7411,09/01/15
5979,04/11/11
5973,07/12/13
2814,03/08/01
9887,09/08/21
9526,02/05/04
7659,09/02/08
8991,02/11/15
9857,02/06/27
1426,06/02/10
9335,02/10/28
6497,10/10/09
8208,05/08/16
7930,07/02/27
2165,09/07/27
9553,10/09/05
5386,06/10/13
8312,01/05/08
5888,00/01/15
7879,09/01/27
9732,07/01/19
9620,05/09/28
9108,00/11/12
8769,08/01/07
4905,09/01/10
4980,04/12/07
5479,02/11/17
8099,02/03/25
8746,08/05/28
8117,09/06/03
6063,02/08/06
8089,03/04/27
8546,05/10/28
9811,01/06/18
6390,02/03/28
8176,02/03/11
1738,10/03/17
8257,09/07/10
5665,07/06/09
4785,04/03/27
9405,10/05/04
9777,07/09/08
9921,07/05/17
9096,10/03/04
7533,05/05/09
9211,08/11/16
8895,08/12/06
9249,02/06/12
9765,01/05/25
8665,06/07/19
9165,00/08/26
5246,00/12/28
7634,09/02/18
1946,01/07/13
9538,02/04/27
6986,08/06/18
9648,07/03/07
9609,03/12/08
6505,01/05/17
7103,10/06/08
8833,05/03/08
9497,04/04/28
9634,02/05/22
6590,10/05/16
9936,07/07/17
2118,02/12/04
9358,07/11/24
6796,05/08/22
6475,02/11/27
4926,09/04/21
8875,05/07/18
5209,04/08/11
6797,02/08/04
2957,04/01/13
2220,05/11/22
9743,02/03/16
7789,08/11/24
7895,08/04/01
2310,01/05/11
2319,10/02/16
5912,00/11/15
3078,10/04/02
5129,05/02/28
9354,02/11/07
9009,01/06/27
2388,01/03/19
9744,08/08/23
9273,05/01/24
7505,10/06/03
2429,06/05/27
8872,08/10/12
5349,04/08/21
9805,00/07/02
7961,10/11/06
9998,04/09/01
5459,01/10/07
9416,05/05/25
6847,06/10/18
8507,07/07/05
9468,01/03/27
6619,02/10/14
2591,03/12/07
8570,04/08/24
5539,06/12/12
9309,05/03/06
9253,06/02/01
9873,10/09/09
2812,07/03/24
7143,10/05/02
3491,02/03/02
8616,04/11/08
2794,10/06/12
3956,10/08/17
9672,01/10/25
5387,03/01/04
8587,06/05/13
6324,10/10/27
7491,08/09/04
8430,08/10/06
9898,10/01/20
4230,00/12/25
7959,00/09/13
9758,10/06/20
8680,06/10/16
8874,02/11/22
9314,03/02/05
4400,07/04/28
8426,08/03/23
9107,07/11/14
3029,04/06/08
7939,07/06/23
3072,00/08/21
5956,07/09/23
5986,06/08/09
9666,01/03/11
6823,10/09/24
9401,04/08/22
7013,10/04/26
6468,07/01/14
9014,01/05/06
8173,07/01/09
7998,07/09/19
9629,00/09/06
9846,00/03/22
6695,06/08/02
6859,00/09/28
4021,07/09/16
7811,07/11/20
3451,08/02/24
7552,02/07/01
3467,09/12/05
5185,10/06/10
5340,08/11/04
8829,00/11/28
8284,10/05/01
5318,01/01/04
6410,01/09/17
3711,02/11/21
9276,06/10/05
3796,05/01/26
6014,09/09/10
4607,07/12/10
5131,05/12/28
9352,08/08/20
8059,04/12/05
5608,00/11/13
8495,03/10/02
8903,06/01/17
7801,00/02/15
4001,02/09/27
8904,06/10/19
5874,00/03/26
6723,09/03/27
4082,04/12/09
4107,02/02/03
4119,10/07/23
4137,02/10/02
6934,07/03/25
5411,06/01/20
7713,10/09/02
7887,02/06/28
4196,05/06/27
6663,01/05/20
4337,07/03/09
6366,09/12/19
9668,02/11/11
5152,02/12/05
9166,01/08/03
4581,09/04/27
8803,06/02/03
5277,04/09/25
9780,09/08/05
9578,06/08/22
7107,00/02/03
4716,06/11/15
6305,01/09/05
6329,10/12/12
8877,04/01/18
6087,00/08/04
5858,08/04/11
9626,10/01/01
8645,04/08/15
7910,10/08/07
5014,07/07/12
5112,05/08/08
9026,08/12/09
8378,06/05/16
6086,07/06/16
5296,00/10/24
5919,01/10/20
9832,10/02/19
9720,08/08/13
5408,02/11/25
6180,06/02/23
9819,07/05/06
9234,02/07/23
5617,10/01/14
7798,08/08/25
8098,04/09/21
9661,10/10/06
6528,05/05/06
5766,03/11/04
5860,02/03/01
7303,01/07/04
9802,01/04/11
6009,04/12/11
9320,01/12/15
7309,08/09/25
9704,06/12/17
7570,07/04/16
9029,04/08/14
9835,10/02/25
6383,07/11/11
9947,06/08/08
6584,06/05/21
7441,10/11/21
7968,00/01/19
7475,00/08/02
6708,01/04/18
6960,01/07/16
7049,08/11/12
8953,06/04/16
8624,02/01/17
9866,09/11/25
8677,00/08/22
8414,00/05/23
7565,09/07/16
7589,05/08/24
9978,08/06/22
8655,09/10/11
7912,05/07/27
8030,05/05/01
8044,08/02/05
8075,07/05/18
8220,00/04/13
9787,05/03/28
9285,02/10/01
8269,01/03/16
8402,04/08/20
8622,00/12/15
8632,03/05/18
8675,05/02/15
9318,10/09/28
8817,08/04/02
8837,06/07/20
9583,09/05/12
8966,10/10/04
9418,04/05/24
9447,10/01/22
9529,07/12/08
9548,02/06/02
9551,01/12/05
9555,01/01/25
9579,02/02/16
9914,07/06/11
9922,00/05/20
9618,06/04/08
9862,03/12/15
3452,07/03/14
8634,09/01/09
7445,02/09/10
8752,02/12/03
3662,02/06/20
4566,02/05/08
9815,09/04/28
9753,07/04/01
5709,05/08/01
9500,01/05/18
8006,09/06/01
9090,00/10/13
9983,02/11/23
8993,00/06/12
9697,06/02/06
4006,07/05/15
9767,10/02/04
2537,03/04/20
9184,10/08/13
8524,04/01/16
6394,03/06/09
9982,06/11/24
9854,05/09/04
6901,04/06/26
8935,06/07/27
5394,09/05/26
8285,01/07/21
4226,00/08/13
6072,07/04/24
7002,05/07/14
330,06/06/27
3518,07/08/21
7700,04/11/18
9498,04/12/19
9143,03/05/02
6421,02/01/03
351,05/05/05
2805,00/05/02
6004,06/04/10
818,04/04/09
9092,03/10/03
7635,06/07/14
5303,06/12/08
5116,00/07/28
7068,09/11/16
7277,03/11/18
408,08/03/11
8438,04/01/21
2969,06/07/05
2599,10/08/12
9822,09/09/19
6642,09/06/12
9795,08/09/23
9331,00/11/06
475,00/02/27
3923,06/06/07
9824,08/07/21
8024,08/08/11
9604,04/08/06
1307,00/10/02
7911,02/09/23
5591,04/01/26
725,06/02/25
3881,07/02/25
8662,09/10/06
6162,06/01/22
9225,09/01/13
1967,09/09/13
635,01/06/10
7885,07/02/01
9093,04/06/25
9469,00/05/01
8670,04/03/10
7081,06/04/27
9558,09/09/27
8762,01/02/12
8674,04/02/13
8772,09/02/20
2028,02/01/16
4091,08/05/12
9970,08/10/04
9641,06/07/18
1139,01/04/10
5106,05/06/23
6374,10/02/09
6393,01/08/28
8384,01/08/07
6346,01/12/18
7839,02/10/27
7872,06/05/12
7718,09/01/04
2999,03/11/23
6196,01/07/09
874,10/08/28
7431,02/11/28
2569,03/08/09
6271,07/07/03
1958,01/06/04
911,01/04/25
9148,09/06/18
8886,06/12/24
9952,04/07/28
8703,08/07/18
938,04/06/22
6874,02/04/22
7223,07/03/13
1015,10/10/13
9868,08/09/05
9231,08/10/10
5460,06/02/19
2159,05/07/13
8710,05/12/01
4172,05/04/24
4466,10/07/14
9762,10/04/07
9124,03/06/26
7731,02/05/28
1165,06/12/03
9239,09/10/20
9103,01/03/18
1217,02/04/01
7799,09/02/01
5118,04/09/15
8697,08/09/22
8838,00/05/14
9878,00/07/04
7087,02/08/05
8415,06/05/03
8364,05/06/01
6109,01/01/14
2522,04/06/13
4987,07/08/02
6102,01/11/11
8102,07/04/23
8896,10/10/15
8692,05/06/11
8521,06/04/22
9569,10/08/02
5811,08/02/07
6991,01/02/10
3699,01/02/14
6958,10/01/09
9690,03/01/01
8739,05/08/19
6710,04/04/12
9783,06/11/02
1578,02/11/14
3327,07/07/23
4053,02/02/20
9185,06/07/26
7820,05/04/17
6252,06/12/09
6876,07/01/27
1925,04/05/06
8449,08/12/24
8581,09/09/28
6214,10/09/17
8274,10/01/23
7931,05/10/24
6765,05/07/21
4369,06/03/09
9676,00/02/08
8863,10/12/04
5064,10/11/09
8617,00/07/01
1804,00/04/14
8442,00/06/26
9467,06/07/01
9196,03/03/08
7099,10/04/24
8167,01/09/11
9346,07/12/22
7007,07/03/17
6782,07/06/14
6463,09/09/23
8068,06/02/24
9379,09/05/09
9793,05/11/28
8270,00/02/23
1936,01/07/23
8367,05/03/11
9088,02/09/02
9424,09/01/17
9323,02/05/14
7783,05/10/23
8471,04/06/21
9155,05/07/16
9545,01/12/04
9082,10/07/21
9586,02/06/10
6342,07/12/18
2185,08/05/17
6911,06/10/10
10000,02/01/23
9215,09/08/17
9167,05/11/02
2236,06/03/27
7728,03/03/09
9267,02/05/02
5265,00/03/17
9773,10/09/13
7490,04/02/06
8518,05/01/03
6386,04/02/08
7065,09/02/06
8399,09/12/10
8151,03/12/23
8357,00/08/18
7265,09/07/11
6268,01/10/14
8126,05/08/13
3554,04/10/28
2442,05/01/22
3408,10/01/19
2504,07/08/13
2520,05/07/05
9949,03/07/06
4650,07/01/03
5395,00/05/11
5605,09/02/17
9223,05/03/07
2571,08/09/26
8201,10/10/26
9013,03/01/06
2607,03/09/21
2608,05/03/25
7140,02/06/07
5195,05/01/23
2644,08/03/15
9127,04/04/24
9209,00/03/06
9833,09/10/27
6285,05/10/07
9807,04/11/12
9934,07/12/03
8852,03/11/11
4105,09/12/16
9205,03/07/16
6732,09/04/10
7473,00/09/17
9179,04/06/28
8884,01/06/06
8337,03/08/11
6181,06/02/12
8774,04/11/02
9292,09/03/04
8199,03/05/15
9409,09/10/08
6696,04/06/15
8081,09/01/05
3227,04/03/01
3482,04/04/18
3269,01/07/24
3317,08/04/03
6653,03/07/14
8880,07/07/13
9644,05/05/19
3402,07/12/14
6594,10/06/25
4711,02/11/08
8687,08/01/24
4550,04/12/08
9827,01/10/21
7674,01/07/06
4839,00/08/05
6106,02/10/04
9410,03/05/26
3555,02/04/24
8043,00/08/03
8160,00/07/18
3636,09/08/18
3651,10/07/11
5111,01/11/17
9158,06/04/03
4198,08/02/13
7723,01/12/14
7679,00/02/01
5422,04/10/24
6950,09/02/16
8770,10/10/11
8321,01/05/15
7247,00/03/09
7966,03/08/24
8560,04/01/08
9875,07/12/02
5257,00/10/11
7162,00/11/02
6886,03/09/23
6232,03/01/08
9356,00/11/25
3999,05/02/23
9828,06/08/23
5859,05/12/13
5292,09/12/06
6773,09/02/07
9336,03/05/23
8575,00/04/15
7709,06/08/27
9032,01/02/07
9157,09/07/28
8918,05/11/08
7452,04/02/10
6133,04/11/26
8234,04/02/02
9173,09/05/25
9299,01/05/27
8454,05/07/22
8308,10/09/23
7664,02/04/20
9610,00/05/28
6020,10/11/01
8001,01/12/12
7915,00/11/10
8396,07/02/23
9964,03/08/10
4512,04/08/26
4585,01/07/05
8375,02/12/15
7925,08/09/20
9772,04/12/02
8813,05/10/21
4805,04/07/20
6780,03/03/07
4939,05/04/28
8631,00/03/28
7105,03/01/18
5062,08/11/09
8137,07/07/01
5100,08/12/14
9784,05/04/20
5226,05/01/10
9306,00/02/25
5346,09/03/13
9247,01/11/27
5390,07/04/09
6669,10/01/27
9995,01/06/20
8578,08/04/04
8288,02/07/12
8756,04/02/19
5502,03/02/15
9386,09/01/26
7034,08/02/23
5819,05/07/04
5560,00/08/10
9748,04/06/01
8930,02/02/02
7928,00/04/26
5602,04/08/10
9315,08/05/14
6096,01/08/15
8737,10/07/18
7707,08/01/19
7686,10/11/23
5920,00/09/25
5938,03/07/23
9994,10/12/11
7980,04/05/20
9054,06/05/19
7082,06/06/06
6858,00/07/09
9055,06/11/21
6701,00/12/16
9112,07/01/18
9359,04/05/05
6399,09/02/03
6406,03/01/26
9041,01/02/04
7730,06/11/01
6560,01/04/02
6624,05/06/02
6672,02/01/10
9899,07/12/16
6758,09/10/15
8054,10/07/09
6824,03/01/22
9910,02/05/09
6971,07/11/09
7011,06/09/14
8574,10/10/03
9705,10/03/13
7249,03/11/09
8035,08/05/09
7316,07/10/14
7396,09/02/14
7453,06/10/03
8600,03/05/20
7591,03/11/16
7616,07/12/20
9265,01/06/23
7703,10/07/08
7823,06/10/25
7719,07/10/09
8738,09/08/07
7851,00/04/03
7904,09/04/08
7955,08/03/24
7993,07/05/02
9243,02/05/05
8569,06/11/06
8150,01/11/24
8191,07/03/23
9520,05/07/19
8197,09/12/01
8528,03/06/17
8559,09/10/01
9804,05/05/11
9706,02/01/13
8676,04/08/03
8725,03/04/26
8822,01/08/25
9466,02/06/16
8909,09/12/25
8962,01/08/22
9038,10/03/27
9047,04/05/14
9052,02/09/09
9056,09/04/05
9150,00/04/07
9242,07/10/22
9300,07/05/23
9344,04/10/02
9419,09/08/14
9957,08/01/09
9821,02/02/27
9562,03/08/22
9713,00/04/16
9751,09/03/11
5782,02/02/24
4658,06/03/13
9046,04/05/09
5136,00/05/17
78,03/10/10
4917,07/08/11
89,02/09/12
9131,02/02/04
8858,09/07/12
512,08/06/25
5739,10/11/12
8334,08/02/17
7583,00/03/11
9701,01/08/27
6943,03/04/25
9852,00/09/24
9658,07/04/06
7243,05/12/10
9763,00/01/11
9070,06/10/27
3325,08/02/18
181,01/10/10
9156,05/05/23
9277,06/04/21
9766,02/01/21
8764,04/05/13
2875,04/12/12
9470,03/11/02
6735,08/04/27
9860,10/03/08
6729,02/04/17
7717,02/01/11
3058,10/05/20
300,00/08/07
305,03/04/22
8946,07/01/04
4786,00/09/01
8327,00/06/28
9530,06/11/27
375,00/06/08
8841,05/10/06
3481,07/08/26
9368,07/05/14
3614,08/03/19
8625,03/08/18
7183,07/11/06
947,05/10/19
1540,03/12/28
9186,06/03/25
3853,02/09/11
6489,09/12/07
9347,05/08/15
7137,04/07/24
8628,09/06/08
8538,10/10/02
8125,05/01/09
554,00/10/20
9311,00/09/21
9519,03/09/08
9168,02/08/13
4465,09/04/13
2985,02/02/05
9142,03/05/24
7979,10/09/12
3975,03/02/16
8188,04/02/25
1034,08/10/08
6819,08/04/22
5802,07/05/28
8899,07/08/16
6508,03/01/09
8850,09/04/09
9230,02/09/16
9818,06/06/23
9415,01/10/24
9089,09/12/21
9813,10/02/15
9463,05/08/14
9901,09/10/16
8131,06/03/02
4190,02/01/22
7690,00/02/13
3169,03/09/10
7046,00/06/21
9018,01/03/02
7652,05/09/25
1900,03/10/14
4331,04/09/19
8258,02/03/13
2909,07/03/18
3761,03/10/11
8052,04/12/13
9845,05/01/18
8222,03/01/20
9588,09/05/18
7147,03/08/15
8385,01/02/03
9565,10/09/01
6978,09/03/12
9550,09/10/13
9928,00/03/13
7423,01/07/25
4158,04/11/21
3835,06/04/15
908,06/04/24
9847,07/11/27
8162,02/03/19
8237,06/04/05
8292,03/03/02
5635,10/10/20
8008,08/05/23
3443,09/05/16
9187,09/08/02
9864,03/06/16
3772,07/08/14
1007,08/10/07
7070,04/09/09
7401,07/06/13
5570,06/08/03
6694,04/04/22
7657,04/10/18
9615,01/08/01
9372,03/01/23
9203,08/07/06
5909,00/09/04
7545,05/10/26
7042,01/09/23
9595,10/01/28
8066,09/05/07
8400,02/11/03
2024,00/05/06
8801,09/01/14
8177,01/10/28
4642,03/10/24
9929,01/07/03
9133,05/09/21
1196,03/06/06
9533,10/09/03
1205,02/01/18
8983,10/02/27
1815,02/10/16
1251,07/01/20
6260,01/08/14
6448,06/02/16
3466,02/04/19
7470,01/11/20
9042,00/01/20
1349,09/08/20
6997,04/12/06
9297,04/09/08
7776,06/04/12
9439,02/08/24
7256,04/08/13
7267,05/02/16
9797,04/05/26
1440,03/04/17
9900,00/12/13
1487,00/03/01
8905,08/09/07
8489,05/09/18
9509,04/08/07
9913,06/03/22
6518,03/10/13
9388,03/10/09
6408,06/01/15
8108,00/09/19
6035,06/11/05
6938,05/08/18
9317,06/07/23
2314,01/08/18
1644,07/11/19
9518,07/05/07
8425,08/11/13
5629,09/04/23
9691,03/11/19
7360,06/06/15
4699,05/10/05
6580,05/02/20
9991,05/10/01
9935,08/06/12
6833,03/08/03
9829,05/10/08
6052,09/12/17
3290,04/09/16
7671,02/11/05
7129,10/11/04
4242,01/08/26
2679,00/10/28
9870,04/03/17
9414,05/12/22
2085,07/09/02
1928,02/06/06
9789,00/11/21
6286,07/11/22
6832,04/06/27
5964,03/07/01
5595,08/02/06
8816,00/12/12
6114,03/06/24
8228,08/05/16
9010,04/06/14
2047,03/03/06
7871,10/10/25
3867,03/01/02
5050,08/11/11
3985,06/09/11
8773,00/08/01
9624,09/10/22
9956,06/10/28
8045,07/02/28
9237,03/08/17
2156,04/05/12
2176,09/06/15
8845,04/04/20
9116,10/06/05
4303,09/03/02
9962,01/07/01
8300,00/11/14
9251,01/01/20
8910,00/08/16
9897,06/06/18
2902,07/12/23
8948,01/02/13
8797,03/05/10
4678,08/07/01
2386,03/01/21
6439,05/02/22
8063,08/12/08
9909,06/04/18
7597,00/10/26
5724,08/03/05
7658,02/03/27
8568,02/04/12
2609,07/12/06
8392,01/05/23
6862,01/05/14
3002,05/12/05
6994,01/07/27
9993,02/07/14
9638,01/05/07
9360,05/02/07
9867,00/12/14
3696,08/08/27
3372,07/12/01
9422,08/08/01
6966,10/10/05
6754,09/03/10
5126,08/05/06
8547,05/05/28
9598,05/09/01
9734,10/08/01
2770,09/11/14
7159,05/01/05
5716,06/07/25
8798,08/02/21
2829,09/02/26
9858,09/04/12
5272,09/02/09
6046,04/11/27
3544,03/01/13
7063,04/10/20
9484,03/07/08
8825,06/06/21
9741,04/09/18
3440,06/03/10
3746,03/12/14
8283,06/09/06
9850,09/05/20
3076,04/03/23
6067,08/09/06
7173,00/08/28
7365,01/05/04
8847,06/01/01
3098,05/01/17
7603,05/07/09
4849,04/04/21
9534,02/10/06
3144,10/02/17
9224,01/05/26
9111,01/09/10
9549,00/06/20
3288,06/11/08
7335,00/04/24
3344,07/03/02
3345,01/09/02
7771,05/05/03
6632,01/07/14
7433,09/01/22
3514,09/09/25
3547,04/04/15
3549,07/01/08
8705,07/11/26
9683,10/02/21
9147,02/04/06
8165,02/06/25
8572,07/09/28
6441,01/10/06
5676,06/08/19
9370,07/03/20
3658,00/06/24
6562,06/09/13
9656,01/09/26
4428,08/09/01
7698,01/11/01
7493,06/10/11
7497,06/12/11
8422,00/09/03
9640,03/06/12
9968,01/03/09
8959,03/09/19
9002,10/06/07
6607,04/09/03
4131,03/11/26
4364,02/12/16
4670,03/09/14
4692,02/04/09
9345,08/11/26
8643,09/08/13
9255,02/01/06
9373,04/07/12
5743,05/01/15
5350,00/03/23
8787,05/10/22
4388,01/04/01
7185,02/07/24
8855,05/01/11
4508,05/01/02
6016,09/04/06
8359,10/04/22
5508,01/06/12
9684,01/06/14
8723,07/06/21
8473,04/05/08
7307,00/07/20
5473,06/03/16
7688,10/01/21
8635,04/05/11
8800,01/04/23
6840,02/04/03
9476,01/06/05
5227,00/06/17
5249,06/11/22
9259,05/08/11
5319,00/05/19
8740,07/10/28
5362,00/10/16
5379,09/05/01
8183,05/03/14
5486,00/02/18
5543,06/03/17
5553,06/10/08
8775,03/08/16
5619,05/10/04
9492,08/07/27
7681,06/11/11
5790,09/10/24
5755,05/09/03
6967,09/04/14
7483,03/05/08
5841,10/10/12
5864,05/07/25
7561,00/03/03
6057,05/10/09
6190,10/05/21
9397,06/01/14
7167,10/01/05
6579,04/05/18
9786,02/09/20
6289,01/01/03
9218,04/05/10
6811,05/07/23
6547,03/11/21
6587,04/01/01
8784,09/05/21
6880,07/01/28
6705,02/08/01
6804,05/09/02
8699,05/06/18
7697,07/02/15
9552,10/05/13
6887,05/05/13
6893,10/06/22
6915,04/03/14
6957,09/09/03
6979,07/11/05
7345,10/06/02
7015,09/02/02
9188,06/09/22
9025,02/09/03
9060,08/04/05
7271,10/12/06
8727,08/08/02
9884,08/07/11
9926,10/12/28
7513,03/05/22
7527,06/11/18
7737,03/05/13
7880,08/05/27
8236,06/08/24
9207,02/05/07
8029,02/10/25
7882,03/04/09
9527,07/08/07
7992,02/07/28
7981,09/07/19
9930,06/01/06
8814,06/06/16
8465,08/08/24
8660,02/07/13
8348,05/02/25
8510,10/12/08
9537,05/08/12
8712,03/06/07
9163,08/04/13
9817,06/02/14
9064,01/07/11
9327,07/07/24
9340,02/03/12
9367,03/08/26
9375,02/03/06
9381,00/01/14
9687,07/11/10
9731,08/12/21
9848,04/03/19
9855,05/04/07
7621,01/03/15
4814,00/10/18
7936,08/05/19
8490,09/02/15
9033,04/01/04
8848,08/09/14
1945,10/05/07
5791,02/08/22
8810,10/08/03
2787,05/07/06
7077,00/04/01
8323,06/05/05
6197,09/07/08
8591,02/03/24
9736,02/11/10
9974,03/07/03
9262,01/01/24
5998,01/02/16
7375,01/09/08
1071,04/01/10
9785,01/04/04
6959,10/01/12
8315,02/08/17
6992,03/09/27
194,08/08/21
1799,00/06/03
2674,02/09/24
8145,05/01/20
9238,07/03/05
8843,01/01/08
9980,06/09/03
8004,05/04/06
8039,01/04/15
6998,01/02/27
5438,03/09/15
7704,03/07/13
1688,03/11/06
7451,00/08/12
8708,07/04/10
452,07/11/17
6107,03/02/19
6900,04/12/17
6931,05/03/19
8190,06/09/17
7146,10/02/11
4781,09/07/13
2103,04/05/28
3944,05/06/26
7684,07/09/05
9434,07/03/16
7023,00/04/10
8410,05/08/04
7094,03/11/28
8504,10/07/26
4646,06/01/18
8057,03/01/10
8994,06/08/20
5824,00/01/25
9920,03/04/13
8922,00/12/18
3905,03/12/21
9034,05/02/17
9325,02/12/28
6616,09/11/09
9482,01/08/05
7680,01/08/10
6202,01/07/10
6010,06/03/24
6539,09/04/11
6462,03/08/25
8390,04/12/25
9861,02/06/08
9174,06/05/06
9016,06/01/28
1918,08/06/03
5966,02/12/10
3961,07/10/16
4984,05/06/25
8672,00/05/21
628,10/12/27
7175,06/08/16
7997,05/07/24
6187,09/08/01
6290,02/07/22
7987,04/02/03
9319,01/12/24
9400,03/08/06
6127,07/09/15
2149,04/09/26
4127,00/04/27
739,00/10/23
8618,07/12/21
9966,06/04/07
771,02/10/22
7201,04/09/20
1090,06/02/27
3552,02/03/18
7829,09/08/24
9559,06/10/20
8467,06/06/17
2660,06/07/11
3264,05/01/28
901,00/11/20
9504,08/06/05
2888,02/05/03
9228,02/12/26
6944,07/03/01
7550,01/10/03
8526,03/04/14
8451,07/05/21
9660,00/12/01
7531,01/01/10
8768,04/02/21
9008,08/09/27
2856,07/02/11
6266,04/07/23
9696,03/10/01
7612,02/12/02
7825,10/10/01
9316,10/11/03
7746,01/09/04
9646,00/07/14
2960,10/10/23
5366,00/05/03
8653,00/07/12
8290,00/11/23
9693,01/01/12
7738,05/02/05
5918,08/01/13
1223,05/11/04
8129,10/03/01
6549,02/02/18
7539,08/03/14
8870,00/01/04
1254,04/03/15
5188,06/01/13
9881,06/07/03
8202,03/02/17
7074,10/12/10
8516,07/05/22
8461,02/01/28
4823,04/02/17
6658,06/11/03
9657,10/12/26
9180,02/12/24
8488,08/02/28
8871,10/01/13
1381,00/08/15
8243,07/09/10
9005,03/05/14
1395,07/07/02
9420,07/07/19
5848,10/08/22
9432,03/05/01
9675,05/01/04
8540,02/06/03
5710,03/09/03
3589,06/09/07
8387,05/11/05
8995,09/12/27
6220,00/03/10
7289,01/06/25
9768,00/09/10
8709,04/10/06
7800,09/05/08
8550,10/09/08
8807,07/10/11
3859,05/11/16
4957,03/02/18
6358,03/04/08
6360,10/12/23
9453,10/01/07
9886,06/04/23
6137,00/05/27
6925,06/10/14
5600,05/10/15
9164,10/12/05
7542,07/08/17
9232,09/06/19
4011,08/09/09
8620,03/07/19
9266,01/04/07
9627,10/04/25
8987,04/08/25
3204,09/09/04
5353,05/10/03
1842,01/12/22
8109,01/06/09
7810,08/08/08
1880,02/06/26
5164,10/09/15
4405,02/03/23
6437,09/11/11
6803,01/03/14
8217,07/10/26
1917,07/04/03
4807,01/04/06
2988,04/07/07
1944,02/08/23
6272,10/03/20
5599,00/08/23
9020,05/11/11
5623,05/09/20
8721,04/11/07
3352,10/11/10
9450,08/07/24
2079,06/01/11
4380,04/10/04
8716,00/10/27
9961,01/02/18
9851,00/10/17
9501,01/08/11
6001,10/07/06
5789,08/01/10
9472,05/11/10
7225,08/01/18
7373,02/02/26
9662,01/04/09
7860,02/12/27
2304,08/11/28
6951,00/06/06
9353,00/04/23
9152,03/09/18
2369,05/04/18
6347,07/09/25
5163,02/02/19
2445,06/08/15
2453,01/12/16
7471,10/05/27
9178,08/01/03
6568,04/11/04
3410,02/05/17
9198,08/12/02
8146,08/05/03
9761,09/09/20
7132,05/01/14
9334,00/03/12
8927,08/02/01
2706,06/04/14
4425,01/01/13
2766,03/06/15
9175,00/06/19
7941,01/10/26
2884,04/01/12
8828,07/02/02
8702,03/09/11
9310,01/01/06
8862,08/11/01
9599,08/09/28
3972,01/11/25
3073,02/11/02
5484,09/08/11
8407,10/06/16
3116,08/05/18
4955,06/05/22
9522,08/10/28
9902,03/07/09
6527,04/01/23
7344,05/05/12
8406,03/12/03
9106,03/12/27
3199,06/05/01
5901,09/08/22
9322,07/10/01
3257,04/04/07
3277,01/03/20
3279,07/07/25
8729,00/04/06
5719,01/08/23
6614,02/10/17
3315,06/03/12
8377,03/05/28
3349,02/02/09
7106,10/01/24
5852,09/06/20
3392,08/10/24
4654,04/12/27
7609,08/07/04
8558,02/09/26
5364,03/01/15
3473,09/09/08
3478,01/01/19
9647,04/01/20
9735,08/11/22
3531,05/06/04
3569,09/02/11
6454,02/03/26
6350,06/10/12
9632,08/06/21
9221,05/04/26
9603,04/04/08
3650,00/04/08
3656,01/01/26
3677,06/08/18
9988,08/08/05
7662,07/04/13
9557,09/09/16
9321,09/11/19
4101,08/07/26
3781,00/03/02
3790,08/04/08
3820,03/07/07
3864,05/05/27
3894,09/11/21
8232,08/07/12
8853,04/12/16
7803,00/10/19
7305,01/03/26
9326,04/02/26
8432,04/10/10
9012,01/07/15
8295,10/02/12
4079,00/05/07
9996,09/12/24
4093,03/02/03
4099,05/04/19
4657,01/06/07
7670,05/12/23
4171,08/10/21
7985,03/09/07
8133,06/09/02
7112,10/05/24
7867,10/10/07
8889,04/03/12
4276,08/09/24
6044,05/01/12
4316,04/03/28
9385,00/03/14
4392,07/01/24
9039,01/11/02
7061,08/10/11
4501,10/07/02
4929,07/11/07
8883,02/01/12
8319,04/06/02
4610,10/03/26
8055,08/10/17
9837,10/07/17
9513,09/07/24
9752,00/01/12
4748,02/12/12
5454,09/07/04
9969,05/11/09
9487,00/01/17
9823,07/02/07
4996,01/03/01
5032,02/08/07
9457,00/04/28
5090,03/07/24
7891,03/08/20
9975,09/05/05
8573,04/10/07
6113,00/04/18
5307,00/05/05
6143,10/04/27
8794,08/10/15
7940,09/09/24
7692,07/08/22
5372,03/08/02
9619,09/03/09
5413,06/06/12
8717,05/10/16
5476,03/09/22
8584,04/05/03
5514,02/08/02
9925,01/11/23
6316,10/05/05
5577,01/03/23
7914,01/05/21
7254,03/12/11
5722,10/09/22
5731,02/09/22
9779,02/02/25
9600,01/11/26
9503,06/10/06
9623,03/10/21
9853,10/11/27
5977,03/04/15
8751,00/09/15
8408,07/07/18
6563,03/12/24
7953,07/06/28
9435,03/11/05
6236,05/12/14
6728,00/03/07
9421,07/09/04
6278,09/02/25
6331,05/09/19
8405,09/06/05
6407,05/11/21
6474,01/11/08
6492,05/12/06
9667,08/12/22
6611,02/09/25
6649,09/11/13
9206,03/11/07
9077,10/01/15
8915,08/10/26
9942,10/09/11
6818,04/08/28
9427,06/09/20
9576,09/05/03
8168,07/12/12
7419,04/05/07
7027,04/06/05
8967,08/12/23
8483,01/03/24
8597,04/11/20
9869,03/02/10
7314,08/02/14
7321,03/02/27
8932,09/01/16
8371,01/05/10
9794,01/02/24
8753,10/08/19
9999,01/06/24
8019,00/02/24
8475,07/04/19
7954,10/02/23
8517,02/07/21
8038,07/02/22
8143,01/10/16
8238,01/12/09
8254,03/03/01
9349,09/03/07
8980,04/07/26
8502,04/06/12
8599,04/07/25
8606,02/09/18
8640,05/11/19
8666,05/04/25
8748,06/09/12
9774,04/01/22
9380,03/01/12
9971,05/04/14
9078,02/11/01
9080,10/12/07
9085,04/11/28
9128,09/01/20
9382,02/01/24
9425,04/11/17
9561,10/02/05
9642,09/07/07
9770,03/12/06
9880,02/03/10
9987,05/09/26

3 432 rows selected. 

